{
  "b": {
    "best": 0.11143582106194394,
    "index": 1,
    "integer": false,
    "label": "b",
    "mean": 0.11164169401270661,
    "median": 0.11258484047172568,
    "p68": [
      0.05350398931492052,
      0.16775384909203514
    ],
    "p68_range": [
      0.05350398931492052,
      0.16775384909203514
    ],
    "p95": [
      0.0003534204676771055,
      0.2230958237226968
    ],
    "p95_range": [
      0.0003534204676771055,
      0.2230958237226968
    ],
    "std": 0.056498399805100546
  },
  "m": {
    "best": 1.9700024265152802,
    "index": 2,
    "integer": false,
    "label": "m",
    "mean": 1.969717952902647,
    "median": 1.9700206957553077,
    "p68": [
      1.949787212901874,
      1.9897003483684415
    ],
    "p68_range": [
      1.949787212901874,
      1.9897003483684415
    ],
    "p95": [
      1.9309875082431758,
      2.0082253575548226
    ],
    "p95_range": [
      1.9309875082431758,
      2.0082253575548226
    ],
    "std": 0.019873086011958415
  }
}