{
  "b": {
    "best": 0.11121321659009284,
    "index": 1,
    "integer": false,
    "label": "b",
    "mean": 0.11012106219991624,
    "median": 0.10997381717706184,
    "p68": [
      0.05249406049576533,
      0.16878282455262483
    ],
    "p68_range": [
      0.05249406049576533,
      0.16878282455262483
    ],
    "p95": [
      -0.0016560040517918997,
      0.2256059904727126
    ],
    "p95_range": [
      -0.0016560040517918997,
      0.2256059904727126
    ],
    "std": 0.058031248398592104
  },
  "m": {
    "best": 1.9699385487119492,
    "index": 2,
    "integer": false,
    "label": "m",
    "mean": 1.9703241031525456,
    "median": 1.970378568959601,
    "p68": [
      1.9490402865684897,
      1.9907995574645458
    ],
    "p68_range": [
      1.9490402865684897,
      1.9907995574645458
    ],
    "p95": [
      1.930839472702279,
      2.010359534082559
    ],
    "p95_range": [
      1.930839472702279,
      2.010359534082559
    ],
    "std": 0.020529770541131195
  }
}